"","docname","from","to","pre","keyword","post","pattern","prekeypost","ID"
"1","text2",38,38,"丝路 故事 日益 丰富 一带一路","百年未有之大变局","世界 重要 动力 定力","百年未有之大变局","丝路 故事 日益 丰富 一带一路 百年未有之大变局 世界 重要 动力 定力",1
"2","text3",2,2,"当今世界","百年未有之大变局","东北亚地区 历史性 转变 涉及 力量对比","百年未有之大变局","当今世界 百年未有之大变局 东北亚地区 历史性 转变 涉及 力量对比",2
"3","text4",2,2,"当今世界","百年未有之大变局","财富 权利 转移 带来 文化","百年未有之大变局","当今世界 百年未有之大变局 财富 权利 转移 带来 文化",3
"4","text5",41,41,"重大 挑战 准确 把握 习近平","百年未有之大变局","科学 含义 化解 政治经济 风险","百年未有之大变局","重大 挑战 准确 把握 习近平 百年未有之大变局 科学 含义 化解 政治经济 风险",4
"5","text6",6,6,"中国 领导人 中央外事工作委员会会议上 纵观 国际局势","百年未有之大变局","见解 高屋建瓴 切中要害 中央经济工作会议 中国","百年未有之大变局","中国 领导人 中央外事工作委员会会议上 纵观 国际局势 百年未有之大变局 见解 高屋建瓴 切中要害 中央经济工作会议 中国",5
"6","text6",17,17,"领导人 变局 危和机 同生并存 阐述","""百年未有之大变局""","深刻思想 指导 工作 政治性 理论性","百年未有之大变局","领导人 变局 危和机 同生并存 阐述 ""百年未有之大变局"" 深刻思想 指导 工作 政治性 理论性",6
"7","text6",32,32,"思想界 兴起 讨论 认识 领会","""百年未有之大变局""","深刻思想 避免 误读 误判 国内","百年未有之大变局","思想界 兴起 讨论 认识 领会 ""百年未有之大变局"" 深刻思想 避免 误读 误判 国内",7
"8","text7",2,2,"正确理解","百年未有之大变局","应当 三个方面 来看 百年未有之大变局 物质基础","百年未有之大变局","正确理解 百年未有之大变局 应当 三个方面 来看 百年未有之大变局 物质基础",8
"9","text7",6,6,"正确理解 百年未有之大变局 应当 三个方面 来看","百年未有之大变局","物质基础 什么 这种 变局 怎样","百年未有之大变局","正确理解 百年未有之大变局 应当 三个方面 来看 百年未有之大变局 物质基础 什么 这种 变局 怎样",9
"10","text7",18,18,"世界 引向 何处 作者 认为","百年未有之大变局","物质基础 国际分工 中国 地位 上升","百年未有之大变局","世界 引向 何处 作者 认为 百年未有之大变局 物质基础 国际分工 中国 地位 上升",10
"11","text7",38,38,"中国 世界经济 影响力 正是 这种","百年未有之大变局","重要 经济基础 这种 大变局 只是","百年未有之大变局","中国 世界经济 影响力 正是 这种 百年未有之大变局 重要 经济基础 这种 大变局 只是",11
"12","text7",55,55,"不是 根本 世界秩序 变革 当下","百年未有之大变局","势力 世界秩序 调整 积极 努力","百年未有之大变局","不是 根本 世界秩序 变革 当下 百年未有之大变局 势力 世界秩序 调整 积极 努力",12
"13","text7",68,68,"世界秩序 调整 有利于 自己 因此","百年未有之大变局","世界 自然 走向 公平 繁荣","百年未有之大变局","世界秩序 调整 有利于 自己 因此 百年未有之大变局 世界 自然 走向 公平 繁荣",13
"14","text9",3,3,"世界格局 国际秩序","百年未有之大变局","两个 关键变量 力量对比 在变 游戏规则","百年未有之大变局","世界格局 国际秩序 百年未有之大变局 两个 关键变量 力量对比 在变 游戏规则",14
"15","text10",7,7,"近代 最好 发展 时期 世界","百年未有之大变局","两者 同步 交织 相互 激荡","百年未有之大变局","近代 最好 发展 时期 世界 百年未有之大变局 两者 同步 交织 相互 激荡",15
"16","text11",2,2,"世界","百年未有之大变局","中华民族 任何 时候 需要 理性","百年未有之大变局","世界 百年未有之大变局 中华民族 任何 时候 需要 理性",16
"17","text11",10,10,"时候 需要 理性 平和 心态","百年未有之大变局","抓住 战略机遇期 避免 陷入 思维习惯","百年未有之大变局","时候 需要 理性 平和 心态 百年未有之大变局 抓住 战略机遇期 避免 陷入 思维习惯",17
"18","text13",2,2,"支撑","百年未有之大变局","一支 重要力量 发展中国家 群体性 崛起","百年未有之大变局","支撑 百年未有之大变局 一支 重要力量 发展中国家 群体性 崛起",18
"19","text15",1,1,"","百年未有之大变局","世界 新旧 力量 博弈 变革","百年未有之大变局"," 百年未有之大变局 世界 新旧 力量 博弈 变革",19
"20","text16",7,7,"主席 外交 两个 新论断 世界","百年未有之大变局","7 南非 约翰内斯堡 参加 金砖国家","百年未有之大变局","主席 外交 两个 新论断 世界 百年未有之大变局 7 南非 约翰内斯堡 参加 金砖国家",20
"21","text16",25,25,"非常 没有 官方 解释 认为","百年未有之大变局","国际格局 在变 现代化 模式 在变","百年未有之大变局","非常 没有 官方 解释 认为 百年未有之大变局 国际格局 在变 现代化 模式 在变",21
"22","text16",46,46,"布局 问题 四个 大概 抓住","百年未有之大变局","核心 含义","百年未有之大变局","布局 问题 四个 大概 抓住 百年未有之大变局 核心 含义",22
"23","text17",31,31,"改革 发展 重大 现实 问题","世界百年未有之大变局","习近平 高度 战略 清醒 定力","百年未有之大变局","改革 发展 重大 现实 问题 世界百年未有之大变局 习近平 高度 战略 清醒 定力",23
"24","text18",2,2,"当今世界","百年未有之大变局","中美两国 国际关系 经济 安全 文化","百年未有之大变局","当今世界 百年未有之大变局 中美两国 国际关系 经济 安全 文化",24
"25","text18",17,17,"关系 互动 变化 当今世界 所处","百年未有之大变局","角度 来看 中美 经贸摩擦 可能","百年未有之大变局","关系 互动 变化 当今世界 所处 百年未有之大变局 角度 来看 中美 经贸摩擦 可能",25
"26","text19",22,22,"巨变 声音 就此而言 确实 世界","百年未有之大变局","中国 发展 经济 方面 世界","百年未有之大变局","巨变 声音 就此而言 确实 世界 百年未有之大变局 中国 发展 经济 方面 世界",26
"27","text21",2,2,"当今世界","百年未有之大变局","世界秩序 国际格局 调整 变化 以中","百年未有之大变局","当今世界 百年未有之大变局 世界秩序 国际格局 调整 变化 以中",27
"28","text22",9,9,"全球 态势 重要 判断 世界","百年未有之大变局","判断 笔者 分析 把握 现阶段","百年未有之大变局","全球 态势 重要 判断 世界 百年未有之大变局 判断 笔者 分析 把握 现阶段",28
"29","text23",8,8,"纽约 布鲁克林 召开 背景 世界","百年未有之大变局","资本主义 基本矛盾 呈现 变化 美国","百年未有之大变局","纽约 布鲁克林 召开 背景 世界 百年未有之大变局 资本主义 基本矛盾 呈现 变化 美国",29
"30","text23",66,66,"分析 了解 资本主义 国家 发展趋势","世界百年未有之大变局","科学 判断","百年未有之大变局","分析 了解 资本主义 国家 发展趋势 世界百年未有之大变局 科学 判断",30
"31","text24",1,1,"","百年未有之大变局","中华民族伟大复兴 貌似 两个大局 却是 一体","百年未有之大变局"," 百年未有之大变局 中华民族伟大复兴 貌似 两个大局 却是 一体",31
"32","text29",1,1,"","百年未有之大变局","背景 中国 美国 日本 东盟","百年未有之大变局"," 百年未有之大变局 背景 中国 美国 日本 东盟",32
"33","text30",2,2,"当今世界","百年未有之大变局","澜湄区域 世界政治 经济 热点 地区","百年未有之大变局","当今世界 百年未有之大变局 澜湄区域 世界政治 经济 热点 地区",33
"34","text31",2,2,"学术界","""百年未有之大变局""","研究 不乏 争论 显著 体现","百年未有之大变局","学术界 ""百年未有之大变局"" 研究 不乏 争论 显著 体现",34
"35","text31",14,14,"之辨 原因 之争 之论 使得","""百年未有之大变局""","宏大 论断 缺乏 精确 评估","百年未有之大变局","之辨 原因 之争 之论 使得 ""百年未有之大变局"" 宏大 论断 缺乏 精确 评估",35
"36","text31",27,27,"因素 回流 反复性 系统性 相对","""百年未有之大变局""","探讨 更为重要 需要 关注 战略","百年未有之大变局","因素 回流 反复性 系统性 相对 ""百年未有之大变局"" 探讨 更为重要 需要 关注 战略",36
"37","text31",38,38,"意涵 大变局 复杂 因素 加强","""百年未有之大变局""","认识 战略 意涵 在于 中国","百年未有之大变局","意涵 大变局 复杂 因素 加强 ""百年未有之大变局"" 认识 战略 意涵 在于 中国",37
"38","text32",43,43,"重建 局面 变局 机遇 世界","百年未有之大变局","态势 中国 发挥 社会主义制度 优势","百年未有之大变局","重建 局面 变局 机遇 世界 百年未有之大变局 态势 中国 发挥 社会主义制度 优势",38
"39","text33",6,6,"建交 55 周年 之际 中法关系","百年未有之大变局","历史 关口 本文 权力 结构","百年未有之大变局","建交 55 周年 之际 中法关系 百年未有之大变局 历史 关口 本文 权力 结构",39
"40","text33",19,19,"观念 结构 分析 框架 研究","百年未有之大变局","中法关系 结构性 中法关系 权力 结构","百年未有之大变局","观念 结构 分析 框架 研究 百年未有之大变局 中法关系 结构性 中法关系 权力 结构",40
"41","text35",5,5,"中国特色社会主义 进入 新时代 世界","百年未有之大变局","历史背景 准确 把握 现时代 本质","百年未有之大变局","中国特色社会主义 进入 新时代 世界 百年未有之大变局 历史背景 准确 把握 现时代 本质",41
"42","text36",42,42,"要素 内在 规律 可为 当今","百年未有之大变局","时间 空间 结合 宏观 解读","百年未有之大变局","要素 内在 规律 可为 当今 百年未有之大变局 时间 空间 结合 宏观 解读",42
"43","text37",1,1,"","""百年未有之大变局""","揭示 当今 全球秩序 结构性变迁 国际关系","百年未有之大变局"," ""百年未有之大变局"" 揭示 当今 全球秩序 结构性变迁 国际关系",43
"44","text40",1,1,"","百年未有之大变局","习近平 同志 核心 党中央 世界","百年未有之大变局"," 百年未有之大变局 习近平 同志 核心 党中央 世界",44
"45","text40",15,15,"认识 把握 世界局势 根本 遵循","百年未有之大变局","体现 世界经济 重心 之变 世界政治","百年未有之大变局","认识 把握 世界局势 根本 遵循 百年未有之大变局 体现 世界经济 重心 之变 世界政治",45
"46","text40",28,28,"科技 产业 之变 全球治理 之变","百年未有之大变局","不变 体现 只是 体系 某些","百年未有之大变局","科技 产业 之变 全球治理 之变 百年未有之大变局 不变 体现 只是 体系 某些",46
"47","text40",49,49,"范围 两种制度 斗争 长期存在 中国应对","""百年未有之大变局""","坚持 习近平外交思想 指导 杜绝 盲目","百年未有之大变局","范围 两种制度 斗争 长期存在 中国应对 ""百年未有之大变局"" 坚持 习近平外交思想 指导 杜绝 盲目",47
"48","text41",1,1,"","百年未有之大变局","未来 国际 税收 发展 对应","百年未有之大变局"," 百年未有之大变局 未来 国际 税收 发展 对应",48
"49","text41",40,40,"本文 据此 观点 一是 明确","百年未有之大变局","研究 国际 税收 重要 国际背景","百年未有之大变局","本文 据此 观点 一是 明确 百年未有之大变局 研究 国际 税收 重要 国际背景",49
"50","text41",48,48,"税收 重要 国际背景 二是 把握","百年未有之大变局","国际 税收 领域 发展 变化","百年未有之大变局","税收 重要 国际背景 二是 把握 百年未有之大变局 国际 税收 领域 发展 变化",50
"51","text41",57,57,"发展 变化 全面 三是 依据","百年未有之大变局","重新 衡量 适时 调整 我国","百年未有之大变局","发展 变化 全面 三是 依据 百年未有之大变局 重新 衡量 适时 调整 我国",51
"52","text42",46,46,"探讨 新时代 中国特色大国外交 独特 中国特色大国外交","百年未有之大变局","独特 外部环境 展开 指导思想 新时代","百年未有之大变局","探讨 新时代 中国特色大国外交 独特 中国特色大国外交 百年未有之大变局 独特 外部环境 展开 指导思想 新时代",52
"53","text44",1,1,"","百年未有之大变局","世界政治 格局 经济发展 文化 壁垒","百年未有之大变局"," 百年未有之大变局 世界政治 格局 经济发展 文化 壁垒",53
"54","text45",65,65,"全球治理 赤字 不可或缺 重要力量 当今世界","百年未有之大变局","亟须 通过 加强 全球治理 予以","百年未有之大变局","全球治理 赤字 不可或缺 重要力量 当今世界 百年未有之大变局 亟须 通过 加强 全球治理 予以",54
"55","text46",18,18,"传统 全球治理体系 严峻挑战 改革 势在必行","百年未有之大变局","背景 中国 最大 发展中国家 严峻","百年未有之大变局","传统 全球治理体系 严峻挑战 改革 势在必行 百年未有之大变局 背景 中国 最大 发展中国家 严峻",55
"56","text47",20,20,"国家 运营 管理 生命线 历史长河","百年未有之大变局","时代 突然 袭来 重大 疫情","百年未有之大变局","国家 运营 管理 生命线 历史长河 百年未有之大变局 时代 突然 袭来 重大 疫情",56
"57","text47",43,43,"会计 专业 使命 透析 宏观","百年未有之大变局","中观 经济转型 新时代 管控 黑天鹅","百年未有之大变局","会计 专业 使命 透析 宏观 百年未有之大变局 中观 经济转型 新时代 管控 黑天鹅",57
"58","text48",7,7,"行政妄为 两种 行政 状态 阻滞","百年未有之大变局","我国 领域 快速 发展 通过","百年未有之大变局","行政妄为 两种 行政 状态 阻滞 百年未有之大变局 我国 领域 快速 发展 通过",58
"59","text48",39,39,"行政 广泛 实现 适度 状态","百年未有之大变局","有效 助推 我国 领域 发展","百年未有之大变局","行政 广泛 实现 适度 状态 百年未有之大变局 有效 助推 我国 领域 发展",59
"60","text49",1,1,"","百年未有之大变局","丰富 时代内涵 表现 国际 力量对比","百年未有之大变局"," 百年未有之大变局 丰富 时代内涵 表现 国际 力量对比",60
"61","text49",22,22,"博弈 加剧 四个 方面 世界","百年未有之大变局","非洲 世界政治 经济 格局 地位","百年未有之大变局","博弈 加剧 四个 方面 世界 百年未有之大变局 非洲 世界政治 经济 格局 地位",61
"62","text52",1,1,"","百年未有之大变局","蕴含 机遇 挑战 两岸关系 台海","百年未有之大变局"," 百年未有之大变局 蕴含 机遇 挑战 两岸关系 台海",62
"63","text54",15,15,"极高 理论价值 实践 价值 当代","百年未有之大变局","背景 优化 全球治理 不可多得 理论","百年未有之大变局","极高 理论价值 实践 价值 当代 百年未有之大变局 背景 优化 全球治理 不可多得 理论",63
"64","text55",29,29,"最终 推导 对策 路径 当今世界","百年未有之大变局","国际 力量 加快 分化 组合","百年未有之大变局","最终 推导 对策 路径 当今世界 百年未有之大变局 国际 力量 加快 分化 组合",64
"65","text55",91,91,"人民 一道 维护 世界和平 共同发展","百年未有之大变局","中美大国关系 时刻 牵动 全世界 和平","百年未有之大变局","人民 一道 维护 世界和平 共同发展 百年未有之大变局 中美大国关系 时刻 牵动 全世界 和平",65
"66","text56",3,3,"摘要 当今世界","百年未有之大变局","坚持 和平发展道路 中国 日益 走近","百年未有之大变局","摘要 当今世界 百年未有之大变局 坚持 和平发展道路 中国 日益 走近",66
"67","text57",4,4,"新冠疫情 世界 变局","世界百年未有之大变局","相互 缠绕 国际政治 世界经济 大国关系","百年未有之大变局","新冠疫情 世界 变局 世界百年未有之大变局 相互 缠绕 国际政治 世界经济 大国关系",67
"68","text58",3,3,"习近平 当今世界","百年未有之大变局","重要论断 观察 分析 当今世界 经济","百年未有之大变局","习近平 当今世界 百年未有之大变局 重要论断 观察 分析 当今世界 经济",68
"69","text59",2,2,"中国","世界百年未有之大变局","新冠肺炎疫情 叠加冲击 转变 经济发展 方式","百年未有之大变局","中国 世界百年未有之大变局 新冠肺炎疫情 叠加冲击 转变 经济发展 方式",69
"70","text60",19,19,"马克思 世界历史 理论 深刻理解 习近平","百年未有之大变局","产生 机理 新一轮科技革命 产业革命 重塑","百年未有之大变局","马克思 世界历史 理论 深刻理解 习近平 百年未有之大变局 产生 机理 新一轮科技革命 产业革命 重塑",70
"71","text61",2,2,"当今世界","百年未有之大变局","世界秩序 重塑 大国 力量对比 日趋","百年未有之大变局","当今世界 百年未有之大变局 世界秩序 重塑 大国 力量对比 日趋",71
"72","text62",2,2,"当今世界","百年未有之大变局","习近平 主席 重大论断 揭示 世界","百年未有之大变局","当今世界 百年未有之大变局 习近平 主席 重大论断 揭示 世界",72
"73","text62",9,9,"主席 重大论断 揭示 世界 时代特征","百年未有之大变局","伴生 百年未有 不确定性 百年未有 机遇","百年未有之大变局","主席 重大论断 揭示 世界 时代特征 百年未有之大变局 伴生 百年未有 不确定性 百年未有 机遇",73
"74","text62",71,71,"博物馆 周边 产业 四个 方面","百年未有之大变局","博物馆 文化担当 具体 举措 建议","百年未有之大变局","博物馆 周边 产业 四个 方面 百年未有之大变局 博物馆 文化担当 具体 举措 建议",74
"75","text63",2,2,"数字时代","百年未有之大变局","一般性 特殊性 数字治理 大变局 中国","百年未有之大变局","数字时代 百年未有之大变局 一般性 特殊性 数字治理 大变局 中国",75
"76","text63",42,42,"推进 新一轮科技革命 中国 借助 数字治理","百年未有之大变局","持续发展 一些 问题 这些 问题","百年未有之大变局","推进 新一轮科技革命 中国 借助 数字治理 百年未有之大变局 持续发展 一些 问题 这些 问题",76
"77","text63",70,70,"展开 数字治理 中国 借助 数字治理","百年未有之大变局","持续发展 具体 途径 强化 党委","百年未有之大变局","展开 数字治理 中国 借助 数字治理 百年未有之大变局 持续发展 具体 途径 强化 党委",77
"78","text64",15,15,"全方位 重要 新冠疫情 国际关系 国际秩序","百年未有之大变局","国际格局 产生 不仅 使得 百年未有之大变局","百年未有之大变局","全方位 重要 新冠疫情 国际关系 国际秩序 百年未有之大变局 国际格局 产生 不仅 使得 百年未有之大变局",78
"79","text64",20,20,"百年未有之大变局 国际格局 产生 不仅 使得","百年未有之大变局","特征 各个领域 凸显 出来 更是","百年未有之大变局","百年未有之大变局 国际格局 产生 不仅 使得 百年未有之大变局 特征 各个领域 凸显 出来 更是",79
"80","text64",35,35,"经济社会 危机 大大 加剧 催化","百年未有之大变局","本文 权力 结构 秩序 结构","百年未有之大变局","经济社会 危机 大大 加剧 催化 百年未有之大变局 本文 权力 结构 秩序 结构",80
"81","text65",5,5,"乡村文化复兴 深刻理解 中华文明 特质","百年未有之大变局","双重 视域 格外 凸显 不仅","百年未有之大变局","乡村文化复兴 深刻理解 中华文明 特质 百年未有之大变局 双重 视域 格外 凸显 不仅",81
"82","text66",9,9,"国际 国内 时代 环境 概括","百年未有之大变局","中国特色社会主义 进入 新时代 习近平新时代中国特色社会主义思想 形成","百年未有之大变局","国际 国内 时代 环境 概括 百年未有之大变局 中国特色社会主义 进入 新时代 习近平新时代中国特色社会主义思想 形成",82
"83","text66",22,22,"习近平新时代中国特色社会主义思想 形成 角度 把握 新时代","百年未有之大变局","概括 二者 相互交织 高度 重叠","百年未有之大变局","习近平新时代中国特色社会主义思想 形成 角度 把握 新时代 百年未有之大变局 概括 二者 相互交织 高度 重叠",83
"84","text67",1,1,"","百年未有之大变局","内涵 解读 不应 停留 表面现象","百年未有之大变局"," 百年未有之大变局 内涵 解读 不应 停留 表面现象",84
"85","text67",14,14,"历史唯物主义 原理 角度 把握 习近平","百年未有之大变局","论断 全面 揭示 当今 时代","百年未有之大变局","历史唯物主义 原理 角度 把握 习近平 百年未有之大变局 论断 全面 揭示 当今 时代",85
"86","text67",31,31,"问题 当今世界 格局 发展 走向","百年未有之大变局","深层 内涵 概括 五百年 资本主义","百年未有之大变局","问题 当今世界 格局 发展 走向 百年未有之大变局 深层 内涵 概括 五百年 资本主义",86
"87","text68",10,10,"具体 实践 相结合 道路 当今世界","百年未有之大变局","中国 带来 矛盾 增多 搅乱","百年未有之大变局","具体 实践 相结合 道路 当今世界 百年未有之大变局 中国 带来 矛盾 增多 搅乱",87
"88","text69",3,3,"深入分析 世界","百年未有之大变局","变局 构成 变化特点 趋势 走向","百年未有之大变局","深入分析 世界 百年未有之大变局 变局 构成 变化特点 趋势 走向",88
"89","text69",59,59,"归纳 总结 关键 认识 观点","世界百年未有之大变局","方面 变局 构成 特点 分析","百年未有之大变局","归纳 总结 关键 认识 观点 世界百年未有之大变局 方面 变局 构成 特点 分析",89
"90","text71",21,21,"持续 复兴 当今世界 大发展大变革大调整 时期","百年未有之大变局","透过 历史 烟云 依然 处在","百年未有之大变局","持续 复兴 当今世界 大发展大变革大调整 时期 百年未有之大变局 透过 历史 烟云 依然 处在",90
"91","text72",41,41,"最为 神圣 悲壮 精神 品格","百年未有之大变局","全面 应对 社会主义 市场经济 结合","百年未有之大变局","最为 神圣 悲壮 精神 品格 百年未有之大变局 全面 应对 社会主义 市场经济 结合",91
"92","text74",2,2,"当今世界","百年未有之大变局","国际 力量对比 变化 国内 国家","百年未有之大变局","当今世界 百年未有之大变局 国际 力量对比 变化 国内 国家",92
"93","text75",12,12,"核心 党中央 重大 判断 当今世界","百年未有之大变局","认识 变局 丰富 内涵 全面","百年未有之大变局","核心 党中央 重大 判断 当今世界 百年未有之大变局 认识 变局 丰富 内涵 全面",93
"94","text76",1,1,"","百年未有之大变局","背景 我国 能源 形势 日趋","百年未有之大变局"," 百年未有之大变局 背景 我国 能源 形势 日趋",94
"95","text77",2,2,"处在","世界百年未有之大变局","中华民族伟大复兴 全局 历史 交汇 习近平","百年未有之大变局","处在 世界百年未有之大变局 中华民族伟大复兴 全局 历史 交汇 习近平",95
"96","text77",19,19,"国情 世界 世情 基本 依据","世界百年未有之大变局","中国 战略 基本 依据 百年未有之大变局","百年未有之大变局","国情 世界 世情 基本 依据 世界百年未有之大变局 中国 战略 基本 依据 百年未有之大变局",96
"97","text77",24,24,"世界百年未有之大变局 中国 战略 基本 依据","百年未有之大变局","核心 世界经济格局 重大 改变 文本","百年未有之大变局","世界百年未有之大变局 中国 战略 基本 依据 百年未有之大变局 核心 世界经济格局 重大 改变 文本",97
"98","text77",65,65,"格局 变迁 中国 本身 就是","世界百年未有之大变局","最大 变量 自变量 因变量 两者之间","百年未有之大变局","格局 变迁 中国 本身 就是 世界百年未有之大变局 最大 变量 自变量 因变量 两者之间",98
"99","text77",74,74,"因变量 两者之间 互动 形成 中国与世界","百年未有之大变局","中国 实现 第二个百年奋斗目标 最大 天时地利","百年未有之大变局","因变量 两者之间 互动 形成 中国与世界 百年未有之大变局 中国 实现 第二个百年奋斗目标 最大 天时地利",99
"100","text78",6,6,"《习近平谈治国理政》第三卷 内容丰富 思想 深邃 揭示","百年未有之大变局","成因 表现 高瞻远瞩 发现 识别","百年未有之大变局","《习近平谈治国理政》第三卷 内容丰富 思想 深邃 揭示 百年未有之大变局 成因 表现 高瞻远瞩 发现 识别",100
"101","text78",35,35,"中国共产党 执政 智慧结晶 更是 应对","百年未有之大变局","重要 行动指南","百年未有之大变局","中国共产党 执政 智慧结晶 更是 应对 百年未有之大变局 重要 行动指南",101
"102","text79",99,99,"基本矛盾 运动 新冠疫情 之后 继续","世界百年未有之大变局","","百年未有之大变局","基本矛盾 运动 新冠疫情 之后 继续 世界百年未有之大变局 ",102
"103","text82",13,13,"习近平 同志 核心 党中央 世界格局","百年未有之大变局","准确 判断 探析 百年未有之大变局 原因","百年未有之大变局","习近平 同志 核心 党中央 世界格局 百年未有之大变局 准确 判断 探析 百年未有之大变局 原因",103
"104","text82",17,17,"世界格局 百年未有之大变局 准确 判断 探析","百年未有之大变局","原因 解析 深刻含义 洞悉 不变","百年未有之大变局","世界格局 百年未有之大变局 准确 判断 探析 百年未有之大变局 原因 解析 深刻含义 洞悉 不变",104
"105","text83",2,2,"当今世界","百年未有之大变局","新一轮科技革命 产业 变革 大变局 重要","百年未有之大变局","当今世界 百年未有之大变局 新一轮科技革命 产业 变革 大变局 重要",105
"106","text84",2,2,"世界","百年未有之大变局","中华民族 伟大复兴 关键时期 统筹 中华民族伟大复兴","百年未有之大变局","世界 百年未有之大变局 中华民族 伟大复兴 关键时期 统筹 中华民族伟大复兴",106
"107","text84",9,9,"伟大复兴 关键时期 统筹 中华民族伟大复兴 全局","世界百年未有之大变局","需要 中国发展 战略机遇期 科学 准确","百年未有之大变局","伟大复兴 关键时期 统筹 中华民族伟大复兴 全局 世界百年未有之大变局 需要 中国发展 战略机遇期 科学 准确",107
"108","text85",14,14,"践行 人类命运共同体 理念 内在 要求","百年未有之大变局","增加 参与 全球治理 高质量 应对","百年未有之大变局","践行 人类命运共同体 理念 内在 要求 百年未有之大变局 增加 参与 全球治理 高质量 应对",108
"109","text85",40,40,"能力 建设 滞后 危机 风险","百年未有之大变局","中国参与 全球治理 应以 构建 人类命运共同体","百年未有之大变局","能力 建设 滞后 危机 风险 百年未有之大变局 中国参与 全球治理 应以 构建 人类命运共同体",109
"110","text86",2,2,"当今世界","百年未有之大变局","国际 力量对比 调整 霸权 衰落","百年未有之大变局","当今世界 百年未有之大变局 国际 力量对比 调整 霸权 衰落",110
"111","text88",1,1,"","百年未有之大变局","习近平 立足 世界发展 大势 科学","百年未有之大变局"," 百年未有之大变局 习近平 立足 世界发展 大势 科学",111
"112","text88",21,21,"全球治理 理念 之变 清醒 认知","百年未有之大变局","之变 这些 变化 表面 之下","百年未有之大变局","全球治理 理念 之变 清醒 认知 百年未有之大变局 之变 这些 变化 表面 之下",112
"113","text88",50,50,"人类 和平 发展 使命 不变","百年未有之大变局","不变 必须 寻求 应对 百年未有之大变局","百年未有之大变局","人类 和平 发展 使命 不变 百年未有之大变局 不变 必须 寻求 应对 百年未有之大变局",113
"114","text88",55,55,"百年未有之大变局 不变 必须 寻求 应对","百年未有之大变局","中国方略 坚定 四个自信 贡献 世界","百年未有之大变局","百年未有之大变局 不变 必须 寻求 应对 百年未有之大变局 中国方略 坚定 四个自信 贡献 世界",114
"115","text89",7,7,"习近平 多个 重要 场合 世界","百年未有之大变局","世界发展 形势 全面 全新 论断","百年未有之大变局","习近平 多个 重要 场合 世界 百年未有之大变局 世界发展 形势 全面 全新 论断",115
"116","text90",1,1,"","世界百年未有之大变局","持续 发展 突如其来 新冠肺炎疫情 肆虐","百年未有之大变局"," 世界百年未有之大变局 持续 发展 突如其来 新冠肺炎疫情 肆虐",116
"117","text91",1,1,"","百年未有之大变局","根本变化 西方国家 民心之变 思想之变 此变","百年未有之大变局"," 百年未有之大变局 根本变化 西方国家 民心之变 思想之变 此变",117
"118","text92",11,11,"政治 产生 重大 加速 当今世界","百年未有之大变局","自从 人类社会 进入 资本主义 现代世界体系","百年未有之大变局","政治 产生 重大 加速 当今世界 百年未有之大变局 自从 人类社会 进入 资本主义 现代世界体系",118
"119","text92",40,40,"市场 矛盾 两对 基本矛盾 现代世界体系","百年未有之大变局","新冠肺炎疫情 现代世界体系 世界 市场经济 体系","百年未有之大变局","市场 矛盾 两对 基本矛盾 现代世界体系 百年未有之大变局 新冠肺炎疫情 现代世界体系 世界 市场经济 体系",119
"120","text92",60,60,"转换 国际格局 力量对比 变化 当今世界","百年未有之大变局","时候 中国 为首 新兴大国 全球治理体系","百年未有之大变局","转换 国际格局 力量对比 变化 当今世界 百年未有之大变局 时候 中国 为首 新兴大国 全球治理体系",120
"121","text93",18,18,"世界向何处去 问题 习近平 主席 当今世界","百年未有之大变局","人类又一次站在了十字路口 合作 对抗 开放 封闭","百年未有之大变局","世界向何处去 问题 习近平 主席 当今世界 百年未有之大变局 人类又一次站在了十字路口 合作 对抗 开放 封闭",121
"122","text94",2,2,"当今世界","百年未有之大变局","之变 表现 国际力量对比变化 科技革命 竞争","百年未有之大变局","当今世界 百年未有之大变局 之变 表现 国际力量对比变化 科技革命 竞争",122
"123","text94",18,18,"前所未有 马克思 世界历史 思想 来看","百年未有之大变局","不是 资本主义 结构 变化 而是","百年未有之大变局","前所未有 马克思 世界历史 思想 来看 百年未有之大变局 不是 资本主义 结构 变化 而是",123
"124","text95",3,3,"全球抗疫防疫 堪称","百年未有之大变局","历史 疫情政治经济学 创举 迈入 后疫情时代","百年未有之大变局","全球抗疫防疫 堪称 百年未有之大变局 历史 疫情政治经济学 创举 迈入 后疫情时代",124
"125","text96",2,2,"世界","百年未有之大变局","保护主义 单边主义 政策 日趋 西方国家","百年未有之大变局","世界 百年未有之大变局 保护主义 单边主义 政策 日趋 西方国家",125
"126","text98",3,3,"2017 习近平","百年未有之大变局","重要论述 我国 学术界 政府 研究","百年未有之大变局","2017 习近平 百年未有之大变局 重要论述 我国 学术界 政府 研究",126
"127","text98",26,26,"高站位角度 思考 问题 理论价值 习近平","百年未有之大变局","论述 中华人民共和国 成立 我国 国际事务","百年未有之大变局","高站位角度 思考 问题 理论价值 习近平 百年未有之大变局 论述 中华人民共和国 成立 我国 国际事务",127
"128","text100",3,3,"新冠肺炎疫情 全球大流行","世界百年未有之大变局","出现 不少 新特征 加剧 中美","百年未有之大变局","新冠肺炎疫情 全球大流行 世界百年未有之大变局 出现 不少 新特征 加剧 中美",128
"129","text101",4,4,"国际关系 史上 极不平凡的一年","百年未有之大变局","叠加 百年 未遇 疫情 促使","百年未有之大变局","国际关系 史上 极不平凡的一年 百年未有之大变局 叠加 百年 未遇 疫情 促使",129
"130","text104",5,5,"构建新型国际关系 中国 主动 迎接","百年未有之大变局","战略 抉择 新型国际关系 相互尊重 公平正义","百年未有之大变局","构建新型国际关系 中国 主动 迎接 百年未有之大变局 战略 抉择 新型国际关系 相互尊重 公平正义",130
"131","text104",14,14,"相互尊重 公平正义 合作共赢 借鉴 经济学的供求理论","百年未有之大变局","背景 分析 构建新型国际关系 动力 政治","百年未有之大变局","相互尊重 公平正义 合作共赢 借鉴 经济学的供求理论 百年未有之大变局 背景 分析 构建新型国际关系 动力 政治",131
"132","text104",24,24,"政治 多极化 经济全球化 全球治理 变革","百年未有之大变局","特征 构建新型国际关系 需求动力 国际关系 体系","百年未有之大变局","政治 多极化 经济全球化 全球治理 变革 百年未有之大变局 特征 构建新型国际关系 需求动力 国际关系 体系",132
"133","text104",32,32,"需求动力 国际关系 体系 自我变革 体系弊端","百年未有之大变局","深层 动因 构建新型国际关系 改革动力 人类命运共同体","百年未有之大变局","需求动力 国际关系 体系 自我变革 体系弊端 百年未有之大变局 深层 动因 构建新型国际关系 改革动力 人类命运共同体",133
"134","text105",17,17,"当今 全球 变化 态势 世界","百年未有之大变局","重大论断 理论 视野 百年变局 世界权力格局","百年未有之大变局","当今 全球 变化 态势 世界 百年未有之大变局 重大论断 理论 视野 百年变局 世界权力格局",134
"135","text106",1,1,"","""百年未有之大变局""","体现 国际格局 国际体系 调整 全球治理体系","百年未有之大变局"," ""百年未有之大变局"" 体现 国际格局 国际体系 调整 全球治理体系",135
"136","text107",2,2,"当今世界","百年未有之大变局","新工业革命 初期 技术 扩散 动力","百年未有之大变局","当今世界 百年未有之大变局 新工业革命 初期 技术 扩散 动力",136
"137","text108",60,60,"外交话语 实现 中华民族的伟大复兴 两个一百年奋斗目标 世界","百年未有之大变局","内外因 随着 中国特色社会主义 步入 新时代","百年未有之大变局","外交话语 实现 中华民族的伟大复兴 两个一百年奋斗目标 世界 百年未有之大变局 内外因 随着 中国特色社会主义 步入 新时代",137
"138","text109",1,1,"","百年未有之大变局","习近平 国际格局 发展趋势 重要论断 我国","百年未有之大变局"," 百年未有之大变局 习近平 国际格局 发展趋势 重要论断 我国",138
"139","text112",1,1,"","百年未有之大变局","体现 国际格局 国际体系 调整 全球治理体系","百年未有之大变局"," 百年未有之大变局 体现 国际格局 国际体系 调整 全球治理体系",139
"140","text112",17,17,"革命性 变化 两个一百年 历史 交汇","百年未有之大变局","时代潮流 中国共产党 领导 多党合作 政治协商","百年未有之大变局","革命性 变化 两个一百年 历史 交汇 百年未有之大变局 时代潮流 中国共产党 领导 多党合作 政治协商",140
"141","text113",2,2,"当今世界","百年未有之大变局","教育 人类 发展 重要 基础","百年未有之大变局","当今世界 百年未有之大变局 教育 人类 发展 重要 基础",141
"142","text113",33,33,"技术 变革 全球治理体系 社会 变革","百年未有之大变局","世界教育变革 战略 背景 产生 缘由","百年未有之大变局","技术 变革 全球治理体系 社会 变革 百年未有之大变局 世界教育变革 战略 背景 产生 缘由",142
"143","text114",2,2,"当今世界","百年未有之大变局","构建 人类命运共同体 带来 机遇 带来","百年未有之大变局","当今世界 百年未有之大变局 构建 人类命运共同体 带来 机遇 带来",143
"144","text115",41,41,"认知 把握 中国外交 战略选择 政策","百年未有之大变局","中华民族伟大复兴 两个大局 通过 构建 复合","百年未有之大变局","认知 把握 中国外交 战略选择 政策 百年未有之大变局 中华民族伟大复兴 两个大局 通过 构建 复合",144
"145","text116",8,8,"肆虐 加剧 全球治理 赤字 加快","世界百年未有之大变局","演化 进程 大变局 俄罗斯 西方","百年未有之大变局","肆虐 加剧 全球治理 赤字 加快 世界百年未有之大变局 演化 进程 大变局 俄罗斯 西方",145
"146","text117",2,2,"当今世界","百年未有之大变局","习近平 重大论断 论断 不仅 帮助","百年未有之大变局","当今世界 百年未有之大变局 习近平 重大论断 论断 不仅 帮助",146
"147","text117",22,22,"使命 深刻理解 中华民族伟大复兴 世界 历史意义","""百年未有之大变局""","百年大党 中国共产党 既要 认清 自我","百年未有之大变局","使命 深刻理解 中华民族伟大复兴 世界 历史意义 ""百年未有之大变局"" 百年大党 中国共产党 既要 认清 自我",147
"148","text120",40,40,"国际 社会 后来者 中国 国际身份","世界百年未有之大变局","著变 不变 双重 考验 从变","百年未有之大变局","国际 社会 后来者 中国 国际身份 世界百年未有之大变局 著变 不变 双重 考验 从变",148
"149","text121",15,15,"结构 之变 共同 构成 当今","百年未有之大变局","两个 面向 大变局 改变 中国","百年未有之大变局","结构 之变 共同 构成 当今 百年未有之大变局 两个 面向 大变局 改变 中国",149
"150","text122",1,1,"","百年未有之大变局","我国 意识形态建设 著新 机遇 挑战","百年未有之大变局"," 百年未有之大变局 我国 意识形态建设 著新 机遇 挑战",150
"151","text122",49,49,"人工智能 时代 意识形态建设 主动权 四是","世界百年未有之大变局","中华民族伟大复兴 历史 交汇 重视 国家凝聚力","百年未有之大变局","人工智能 时代 意识形态建设 主动权 四是 世界百年未有之大变局 中华民族伟大复兴 历史 交汇 重视 国家凝聚力",151
"152","text123",3,3,"本文 揭示","百年未有之大变局","属性 基础 中国 驱动 变局","百年未有之大变局","本文 揭示 百年未有之大变局 属性 基础 中国 驱动 变局",152
"153","text125",40,40,"金融中心 贸易 中心 转移 当今世界","百年未有之大变局","马克思 恩格斯 论述 中国 积极","百年未有之大变局","金融中心 贸易 中心 转移 当今世界 百年未有之大变局 马克思 恩格斯 论述 中国 积极",153
"154","text127",80,80,"因此 理清 抗争政治 民主 迷思","百年未有之大变局","抗争政治 现象 本身 国家 政治","百年未有之大变局","因此 理清 抗争政治 民主 迷思 百年未有之大变局 抗争政治 现象 本身 国家 政治",154
"155","text129",19,19,"阶段性 收缩 多边体制 碎片 风险","世界百年未有之大变局","凸显出 中国 新发展理念 构建 新发展格局","百年未有之大变局","阶段性 收缩 多边体制 碎片 风险 世界百年未有之大变局 凸显出 中国 新发展理念 构建 新发展格局",155
"156","text130",3,3,"习近平 放眼世界","百年未有之大变局","重要论断 极为 重大 但是 只以","百年未有之大变局","习近平 放眼世界 百年未有之大变局 重要论断 极为 重大 但是 只以",156
"157","text130",12,12,"但是 只以 三十年 七十年 视野","百年未有之大变局","不能不 社会主义 百年 实践 历程","百年未有之大变局","但是 只以 三十年 七十年 视野 百年未有之大变局 不能不 社会主义 百年 实践 历程",157
"158","text130",40,40,"辅线 发展中国家 表现 演化 大变局","百年未有之大变局","本质 制度竞争 这种 根本 竞争","百年未有之大变局","辅线 发展中国家 表现 演化 大变局 百年未有之大变局 本质 制度竞争 这种 根本 竞争",158
"159","text130",58,58,"世界格局 倾斜 变化 关口 科学认识","百年未有之大变局","增强 中国特色社会主义 自信","百年未有之大变局","世界格局 倾斜 变化 关口 科学认识 百年未有之大变局 增强 中国特色社会主义 自信",159
"160","text131",1,1,"","百年未有之大变局","背景 行星科学 深空探测 领域 发展","百年未有之大变局"," 百年未有之大变局 背景 行星科学 深空探测 领域 发展",160
"161","text132",13,13,"书中 虽然 没有 直接 论述","百年未有之大变局","近代 社会阶级力量 形成 无产阶级 政党","百年未有之大变局","书中 虽然 没有 直接 论述 百年未有之大变局 近代 社会阶级力量 形成 无产阶级 政党",161
"162","text132",27,27,"道路 转型 问题 研讨 洋溢着","百年未有之大变局","历史逻辑 洞悉 当下 准确 认识","百年未有之大变局","道路 转型 问题 研讨 洋溢着 百年未有之大变局 历史逻辑 洞悉 当下 准确 认识",162
"163","text132",34,34,"洞悉 当下 准确 认识 把握","百年未有之大变局","重要 助益","百年未有之大变局","洞悉 当下 准确 认识 把握 百年未有之大变局 重要 助益",163
"164","text133",2,2,"当今世界","百年未有之大变局","高校 肩负 培育 时代 新人","百年未有之大变局","当今世界 百年未有之大变局 高校 肩负 培育 时代 新人",164
"165","text135",127,127,"变化 所作 战略部署 安排 体现","百年未有之大变局","中国 积极 应对 风险 挑战","百年未有之大变局","变化 所作 战略部署 安排 体现 百年未有之大变局 中国 积极 应对 风险 挑战",165
"166","text136",1,1,"","百年未有之大变局","全球治理 进入 深度 调整 时期","百年未有之大变局"," 百年未有之大变局 全球治理 进入 深度 调整 时期",166
"167","text136",83,83,"共商 共建 共享 全球治理 实践","百年未有之大变局","世界历史 深度 发展 全人类 和谐","百年未有之大变局","共商 共建 共享 全球治理 实践 百年未有之大变局 世界历史 深度 发展 全人类 和谐",167
"168","text137",2,2,"世界","百年未有之大变局","习近平 世界发展 局势 重大 判断","百年未有之大变局","世界 百年未有之大变局 习近平 世界发展 局势 重大 判断",168
"169","text137",14,14,"之下 可知 挑战 有着 机遇","百年未有之大变局","具体 表现 人类 历史 四个","百年未有之大变局","之下 可知 挑战 有着 机遇 百年未有之大变局 具体 表现 人类 历史 四个",169
"170","text138",1,1,"","百年未有之大变局","有关 两岸关系 各方 态度 政策","百年未有之大变局"," 百年未有之大变局 有关 两岸关系 各方 态度 政策",170
"171","text139",1,1,"","百年未有之大变局","战略性 判断 不仅 中国 方面","百年未有之大变局"," 百年未有之大变局 战略性 判断 不仅 中国 方面",171
"172","text141",13,13,"国家 规划 推进 如今 世界","百年未有之大变局","国际 国内形势 变革 汉语 国际","百年未有之大变局","国家 规划 推进 如今 世界 百年未有之大变局 国际 国内形势 变革 汉语 国际",172
"173","text143",6,6,"世界 进入 动荡变革期 习近平 当今世界","百年未有之大变局","国际局势 重大 判断 世界 进入","百年未有之大变局","世界 进入 动荡变革期 习近平 当今世界 百年未有之大变局 国际局势 重大 判断 世界 进入",173
"174","text143",23,23,"挑战 不稳定不确定因素 给予 充分 估计","百年未有之大变局","世界 进入 动荡变革期 要求 辩证","百年未有之大变局","挑战 不稳定不确定因素 给予 充分 估计 百年未有之大变局 世界 进入 动荡变革期 要求 辩证",174
"175","text144",17,17,"2017 习近平 新时代 背景 当今世界","百年未有之大变局","重要论述 马克思世界历史理论 视角 来看 百年未有之大变局","百年未有之大变局","2017 习近平 新时代 背景 当今世界 百年未有之大变局 重要论述 马克思世界历史理论 视角 来看 百年未有之大变局",175
"176","text144",22,22,"百年未有之大变局 重要论述 马克思世界历史理论 视角 来看","百年未有之大变局","不仅仅 资本主义 国家 内部 变化","百年未有之大变局","百年未有之大变局 重要论述 马克思世界历史理论 视角 来看 百年未有之大变局 不仅仅 资本主义 国家 内部 变化",176
"177","text144",34,34,"世界历史 向前 发展 进入 标志","百年未有之大变局","表现 国际 力量 明显 对比","百年未有之大变局","世界历史 向前 发展 进入 标志 百年未有之大变局 表现 国际 力量 明显 对比",177
"178","text145",84,84,"转向 智能化 数字化 世界经济格局 调整","百年未有之大变局","根本原因 中国 宝贵 发展 机遇","百年未有之大变局","转向 智能化 数字化 世界经济格局 调整 百年未有之大变局 根本原因 中国 宝贵 发展 机遇",178
"179","text146",2,2,"当今世界","百年未有之大变局","高校思政课教学 机遇 挑战 一些 特点","百年未有之大变局","当今世界 百年未有之大变局 高校思政课教学 机遇 挑战 一些 特点",179
"180","text148",2,2,"世界","百年未有之大变局","国家 主席 习近平 国际局势 最新","百年未有之大变局","世界 百年未有之大变局 国家 主席 习近平 国际局势 最新",180
"181","text149",1,1,"","百年未有之大变局","当下 我国 区域发展 总体 格局","百年未有之大变局"," 百年未有之大变局 当下 我国 区域发展 总体 格局",181
"182","text150",2,2,"放眼世界","百年未有之大变局","立足 国内 近代 最好 发展","百年未有之大变局","放眼世界 百年未有之大变局 立足 国内 近代 最好 发展",182
"183","text151",10,10,"世界格局 变化 精准 概括 总结","百年未有之大变局","2021 中国共产党 迎来 建党100周年 两个","百年未有之大变局","世界格局 变化 精准 概括 总结 百年未有之大变局 2021 中国共产党 迎来 建党100周年 两个",183
"184","text151",30,30,"继承 总结 优良传统 经验启示 重大","百年未有之大变局","带来 前所未有 不确定性 带来 前所未有","百年未有之大变局","继承 总结 优良传统 经验启示 重大 百年未有之大变局 带来 前所未有 不确定性 带来 前所未有",184
"185","text152",2,2,"世界","百年未有之大变局","全球 经济 生产 事实上 一体","百年未有之大变局","世界 百年未有之大变局 全球 经济 生产 事实上 一体",185
"186","text153",3,3,"梳理 总结","百年未有之大变局","内涵 结合 国内外 研究成果 阐述","百年未有之大变局","梳理 总结 百年未有之大变局 内涵 结合 国内外 研究成果 阐述",186
"187","text154",57,57,"新形态 深刻影响 世界格局 未来 走向","世界百年未有之大变局","中华民族 实现 伟大复兴 战略 全局","百年未有之大变局","新形态 深刻影响 世界格局 未来 走向 世界百年未有之大变局 中华民族 实现 伟大复兴 战略 全局",187
"188","text154",66,66,"战略 全局 只有 准确 世界","百年未有之大变局","内涵 认识 世界 百年未有之大变局 表现","百年未有之大变局","战略 全局 只有 准确 世界 百年未有之大变局 内涵 认识 世界 百年未有之大变局 表现",188
"189","text154",70,70,"世界 百年未有之大变局 内涵 认识 世界","百年未有之大变局","表现 困境 根源 才能 效应","百年未有之大变局","世界 百年未有之大变局 内涵 认识 世界 百年未有之大变局 表现 困境 根源 才能 效应",189
"190","text155",1,1,"","百年未有之大变局","起因于 中国 改革开放 以后 经济","百年未有之大变局"," 百年未有之大变局 起因于 中国 改革开放 以后 经济",190
"191","text155",46,46,"国家 发展 至关重要 中国 驾驭","百年未有之大变局","构建 国内 循环 主体 国内","百年未有之大变局","国家 发展 至关重要 中国 驾驭 百年未有之大变局 构建 国内 循环 主体 国内",191
"192","text156",3,3,"习近平 世界","百年未有之大变局","重大 战略 判断 深厚 哲学","百年未有之大变局","习近平 世界 百年未有之大变局 重大 战略 判断 深厚 哲学",192
"193","text157",6,6,"习近平 多次 强调 我国 发展","百年未有之大变局","时代 正确认识 百年未有之大变局 有利于 明晰","百年未有之大变局","习近平 多次 强调 我国 发展 百年未有之大变局 时代 正确认识 百年未有之大变局 有利于 明晰",193
"194","text157",9,9,"我国 发展 百年未有之大变局 时代 正确认识","百年未有之大变局","有利于 明晰 当下 世界发展 格局","百年未有之大变局","我国 发展 百年未有之大变局 时代 正确认识 百年未有之大变局 有利于 明晰 当下 世界发展 格局",194
"195","text157",23,23,"科学分析 世界历史 产生 发展 归宿","百年未有之大变局","思考 角度 指导 正确认识 百年未有之大变局","百年未有之大变局","科学分析 世界历史 产生 发展 归宿 百年未有之大变局 思考 角度 指导 正确认识 百年未有之大变局",195
"196","text157",28,28,"百年未有之大变局 思考 角度 指导 正确认识","百年未有之大变局","产生 机理 发展趋势 应对 方法","百年未有之大变局","百年未有之大变局 思考 角度 指导 正确认识 百年未有之大变局 产生 机理 发展趋势 应对 方法",196
"197","text158",1,1,"","世界百年未有之大变局","背景 世界 怎么 怎么办 人类","百年未有之大变局"," 世界百年未有之大变局 背景 世界 怎么 怎么办 人类",197
"198","text158",27,27,"视角 通过 中国特色知识体系 建构 认识","世界百年未有之大变局","进而 解释 世界 怎么 通过","百年未有之大变局","视角 通过 中国特色知识体系 建构 认识 世界百年未有之大变局 进而 解释 世界 怎么 通过",198
"199","text158",36,36,"怎么 通过 中国特色知识体系 建构 应对","世界百年未有之大变局","进而 阐述 怎么办 通过 中国特色知识体系","百年未有之大变局","怎么 通过 中国特色知识体系 建构 应对 世界百年未有之大变局 进而 阐述 怎么办 通过 中国特色知识体系",199
"200","text158",43,43,"阐述 怎么办 通过 中国特色知识体系 建构","世界百年未有之大变局","进而 回答 人类 何处","百年未有之大变局","阐述 怎么办 通过 中国特色知识体系 建构 世界百年未有之大变局 进而 回答 人类 何处",200
"201","text159",1,1,"","百年未有之大变局","历史 坐标 世界 下一阶段 发展","百年未有之大变局"," 百年未有之大变局 历史 坐标 世界 下一阶段 发展",201
"202","text159",27,27,"重要 前提 概念 国内 学术界","百年未有之大变局","研究 逐渐 兴起 方兴未艾 剖析","百年未有之大变局","重要 前提 概念 国内 学术界 百年未有之大变局 研究 逐渐 兴起 方兴未艾 剖析",202
"203","text159",33,33,"研究 逐渐 兴起 方兴未艾 剖析","百年未有之大变局","背景 宏观 研究 阐释 时代","百年未有之大变局","研究 逐渐 兴起 方兴未艾 剖析 百年未有之大变局 背景 宏观 研究 阐释 时代",203
"204","text159",41,41,"研究 阐释 时代 变化 分析","百年未有之大变局","特征 微观 研究 分析 不变","百年未有之大变局","研究 阐释 时代 变化 分析 百年未有之大变局 特征 微观 研究 分析 不变",204
"205","text159",64,64,"忧患意识 历史机遇 意识 努力 这场","百年未有之大变局","把握 航向","百年未有之大变局","忧患意识 历史机遇 意识 努力 这场 百年未有之大变局 把握 航向",205
"206","text160",2,2,"世界","百年未有之大变局","习近平 2017 针对 国际形势 变化","百年未有之大变局","世界 百年未有之大变局 习近平 2017 针对 国际形势 变化",206
"207","text160",27,27,"世界 未来 发展 趋势 高瞻远瞩","世界百年未有之大变局","背景 认识 百年未有之大变局 百年未有之大变局 全球","百年未有之大变局","世界 未来 发展 趋势 高瞻远瞩 世界百年未有之大变局 背景 认识 百年未有之大变局 百年未有之大变局 全球",207
"208","text160",30,30,"趋势 高瞻远瞩 世界百年未有之大变局 背景 认识","百年未有之大变局","百年未有之大变局 全球 局势 应对 百年未有之大变局","百年未有之大变局","趋势 高瞻远瞩 世界百年未有之大变局 背景 认识 百年未有之大变局 百年未有之大变局 全球 局势 应对 百年未有之大变局",208
"209","text160",31,31,"高瞻远瞩 世界百年未有之大变局 背景 认识 百年未有之大变局","百年未有之大变局","全球 局势 应对 百年未有之大变局 四个","百年未有之大变局","高瞻远瞩 世界百年未有之大变局 背景 认识 百年未有之大变局 百年未有之大变局 全球 局势 应对 百年未有之大变局 四个",209
"210","text160",35,35,"百年未有之大变局 百年未有之大变局 全球 局势 应对","百年未有之大变局","四个 方面 论述 百年未有之大变局 中华民族伟大复兴","百年未有之大变局","百年未有之大变局 百年未有之大变局 全球 局势 应对 百年未有之大变局 四个 方面 论述 百年未有之大变局 中华民族伟大复兴",210
"211","text160",39,39,"应对 百年未有之大变局 四个 方面 论述","百年未有之大变局","中华民族伟大复兴 前所 未为 外部 重大","百年未有之大变局","应对 百年未有之大变局 四个 方面 论述 百年未有之大变局 中华民族伟大复兴 前所 未为 外部 重大",211
"212","text161",1,1,"","百年未有之大变局","加速 演化 拷问 人类社会 制度","百年未有之大变局"," 百年未有之大变局 加速 演化 拷问 人类社会 制度",212
"213","text162",2,2,"当今世界","百年未有之大变局","人类文明 更替 全球性 变化 系统性","百年未有之大变局","当今世界 百年未有之大变局 人类文明 更替 全球性 变化 系统性",213
"214","text163",4,4,"历史学 角度 认识","百年未有之大变局","概念 三个方面 中国 百年 历史","百年未有之大变局","历史学 角度 认识 百年未有之大变局 概念 三个方面 中国 百年 历史",214
"215","text163",18,18,"强起来 伟大 飞跃 这是 中华民族","百年未有之大变局","从近 百年 中外 关系史 中国","百年未有之大变局","强起来 伟大 飞跃 这是 中华民族 百年未有之大变局 从近 百年 中外 关系史 中国",215
"216","text163",30,30,"国际关系 百年 相比 不可同日而语 可谓","百年未有之大变局","国际共产主义运动 百年 历史 中国 经过","百年未有之大变局","国际关系 百年 相比 不可同日而语 可谓 百年未有之大变局 国际共产主义运动 百年 历史 中国 经过",216
"217","text163",50,50,"世界 人民 走向 全新 境界","百年未有之大变局","","百年未有之大变局","世界 人民 走向 全新 境界 百年未有之大变局 ",217
"218","text164",34,34,"媒体 两岸 国学 中心 承办","百年未有之大变局","中华 传统 文明 转换 发展","百年未有之大变局","媒体 两岸 国学 中心 承办 百年未有之大变局 中华 传统 文明 转换 发展",218
"219","text165",28,28,"基本 生存 发展 程度 世界","百年未有之大变局","冲突 剧烈性 加剧 整体 复杂性","百年未有之大变局","基本 生存 发展 程度 世界 百年未有之大变局 冲突 剧烈性 加剧 整体 复杂性",219
"220","text166",34,34,"挖掘 评估 平民教育思想 历史意义 当代价值","百年未有之大变局","思考 我国 职业教育 创新 发展","百年未有之大变局","挖掘 评估 平民教育思想 历史意义 当代价值 百年未有之大变局 思考 我国 职业教育 创新 发展",220
"221","text167",39,39,"水平 相适应 党和人民 伟大 创造","百年未有之大变局","这样 国际形势 充分发挥 中国特色社会主义 经济","百年未有之大变局","水平 相适应 党和人民 伟大 创造 百年未有之大变局 这样 国际形势 充分发挥 中国特色社会主义 经济",221
"222","text170",6,6,"生产力 发展 历史 进步 基础","世界百年未有之大变局","源自 生产力 两大 调整 一是","百年未有之大变局","生产力 发展 历史 进步 基础 世界百年未有之大变局 源自 生产力 两大 调整 一是",222
"223","text171",2,2,"当今世界","百年未有之大变局","发展 时代 变革 时代 这样","百年未有之大变局","当今世界 百年未有之大变局 发展 时代 变革 时代 这样",223
"224","text172",3,3,"科学 把握","世界百年未有之大变局","需要 马克思主义哲学 世界观 方法论 指导","百年未有之大变局","科学 把握 世界百年未有之大变局 需要 马克思主义哲学 世界观 方法论 指导",224
"225","text172",11,11,"世界观 方法论 指导 马克思主义哲学 视野","世界百年未有之大变局","由来 偶然性 中有 必然性 当下","百年未有之大变局","世界观 方法论 指导 马克思主义哲学 视野 世界百年未有之大变局 由来 偶然性 中有 必然性 当下",225
"226","text172",30,30,"基本规律 意识 自觉 行动 自觉","世界百年未有之大变局","样态 变中 未变 当下 需要","百年未有之大变局","基本规律 意识 自觉 行动 自觉 世界百年未有之大变局 样态 变中 未变 当下 需要",226
"227","text172",45,45,"一切 实际 出发 战略 定位","世界百年未有之大变局","发展趋势 确定性 中有 不确定性 当下","百年未有之大变局","一切 实际 出发 战略 定位 世界百年未有之大变局 发展趋势 确定性 中有 不确定性 当下",227
"228","text172",62,62,"重要 机遇 警惕 化解 重大风险","世界百年未有之大变局","本质 特征 辩证 贯穿 世界百年未有之大变局","百年未有之大变局","重要 机遇 警惕 化解 重大风险 世界百年未有之大变局 本质 特征 辩证 贯穿 世界百年未有之大变局",228
"229","text172",67,67,"世界百年未有之大变局 本质 特征 辩证 贯穿","世界百年未有之大变局","发展 始终 决定 客观 物质","百年未有之大变局","世界百年未有之大变局 本质 特征 辩证 贯穿 世界百年未有之大变局 发展 始终 决定 客观 物质",229
"230","text173",15,15,"任何 势力 任何 敌人 吓倒","百年未有之大变局","高校 教师 思政课 教师应 提高认识","百年未有之大变局","任何 势力 任何 敌人 吓倒 百年未有之大变局 高校 教师 思政课 教师应 提高认识",230
"231","text175",4,4,"新冠病毒 疫情 必将","世界百年未有之大变局","产生 重大 中国 在于 世界百年未有之大变局","百年未有之大变局","新冠病毒 疫情 必将 世界百年未有之大变局 产生 重大 中国 在于 世界百年未有之大变局",231
"232","text175",9,9,"世界百年未有之大变局 产生 重大 中国 在于","世界百年未有之大变局","大变局 重要力量 新冠病毒 疫情 全球","百年未有之大变局","世界百年未有之大变局 产生 重大 中国 在于 世界百年未有之大变局 大变局 重要力量 新冠病毒 疫情 全球",232
"233","text176",7,7,"加速 百年变局 发展 进程 所谓","百年未有之大变局","特征 一大批 新兴经济体 发展中国家 群体性","百年未有之大变局","加速 百年变局 发展 进程 所谓 百年未有之大变局 特征 一大批 新兴经济体 发展中国家 群体性",233
"234","text177",2,2,"当今世界","百年未有之大变局","发展中国家 发达国家 新兴大国 传统 大国","百年未有之大变局","当今世界 百年未有之大变局 发展中国家 发达国家 新兴大国 传统 大国",234
"235","text178",1,1,"","百年未有之大变局","新民主主义革命 起点 中国 和平 崛起","百年未有之大变局"," 百年未有之大变局 新民主主义革命 起点 中国 和平 崛起",235
"236","text178",19,19,"经济全球化 失败者 主导者 历史性 转变","百年未有之大变局","重要 特征 进入 21世纪 中国","百年未有之大变局","经济全球化 失败者 主导者 历史性 转变 百年未有之大变局 重要 特征 进入 21世纪 中国",236
"237","text178",35,35,"方面 优势 日益 显现 开创","百年未有之大变局","重要 促因 百年未有之大变局 赢得 先机","百年未有之大变局","方面 优势 日益 显现 开创 百年未有之大变局 重要 促因 百年未有之大变局 赢得 先机",237
"238","text178",38,38,"显现 开创 百年未有之大变局 重要 促因","百年未有之大变局","赢得 先机 重要 保障 百年未有之大变局","百年未有之大变局","显现 开创 百年未有之大变局 重要 促因 百年未有之大变局 赢得 先机 重要 保障 百年未有之大变局",238
"239","text178",43,43,"百年未有之大变局 赢得 先机 重要 保障","百年未有之大变局","本质 特征 世界 权力 中心","百年未有之大变局","百年未有之大变局 赢得 先机 重要 保障 百年未有之大变局 本质 特征 世界 权力 中心",239
"240","text178",69,69,"加快 国家 发展 模式 多样化","百年未有之大变局","战胜 挑战 赢得 机遇 方法","百年未有之大变局","加快 国家 发展 模式 多样化 百年未有之大变局 战胜 挑战 赢得 机遇 方法",240
"241","text179",8,8,"研究 宣传 习近平新时代中国特色社会主义思想 响应 习近平","世界百年未有之大变局","人类 更好 社会制度 探索 中国方案","百年未有之大变局","研究 宣传 习近平新时代中国特色社会主义思想 响应 习近平 世界百年未有之大变局 人类 更好 社会制度 探索 中国方案",241
"242","text180",7,7,"坚持 唯物史观 才能 正确 把握","世界百年未有之大变局","内在 原因 发展趋势 世界 范围","百年未有之大变局","坚持 唯物史观 才能 正确 把握 世界百年未有之大变局 内在 原因 发展趋势 世界 范围",242
"243","text180",16,16,"世界 范围 生产力 发展 平衡","百年未有之大变局","根本原因 人力资本 发展 角度 审视","百年未有之大变局","世界 范围 生产力 发展 平衡 百年未有之大变局 根本原因 人力资本 发展 角度 审视",243
"244","text180",29,29,"重新 布局 既能 宏观 把握","世界百年未有之大变局","显现 个人 大变局 价值 有利于","百年未有之大变局","重新 布局 既能 宏观 把握 世界百年未有之大变局 显现 个人 大变局 价值 有利于",244
"245","text180",45,45,"中国特色社会主义 道路 增强 制度 自信","世界百年未有之大变局","造福 全人类 方向 发展","百年未有之大变局","中国特色社会主义 道路 增强 制度 自信 世界百年未有之大变局 造福 全人类 方向 发展",245
"246","text181",1,1,"","百年未有之大变局","习近平 2014 中央政治局 集体 学习","百年未有之大变局"," 百年未有之大变局 习近平 2014 中央政治局 集体 学习",246
"247","text181",26,26,"实现 中国发展 重要 理论依据 身处","百年未有之大变局","各国 无论是 发展 模式 经济","百年未有之大变局","实现 中国发展 重要 理论依据 身处 百年未有之大变局 各国 无论是 发展 模式 经济",247
"248","text183",34,34,"走势 优秀 经济 读物 世界","百年未有之大变局","国际 治理 体系 全球供应链 产业链","百年未有之大变局","走势 优秀 经济 读物 世界 百年未有之大变局 国际 治理 体系 全球供应链 产业链",248
"249","text184",1,1,"","百年未有之大变局","遗产话语 实践 危机 历史学 民族学","百年未有之大变局"," 百年未有之大变局 遗产话语 实践 危机 历史学 民族学",249
"250","text185",9,9,"中华民族 伟大 梦想 统筹 中华民族伟大复兴战略全局","世界百年未有之大变局","根本 价值 标准 最终 价值","百年未有之大变局","中华民族 伟大 梦想 统筹 中华民族伟大复兴战略全局 世界百年未有之大变局 根本 价值 标准 最终 价值",250
"251","text186",4,4,"历史 数次 出现","百年未有之大变局","这些 大变局 一些 共性 此前","百年未有之大变局","历史 数次 出现 百年未有之大变局 这些 大变局 一些 共性 此前",251
"252","text186",29,29,"威胁 有望 实现 持续发展 数字时代","百年未有之大变局","中国 实现 持续发展 宏观 途径","百年未有之大变局","威胁 有望 实现 持续发展 数字时代 百年未有之大变局 中国 实现 持续发展 宏观 途径",252
"253","text188",4,4,"十九届五中全会 分析 我国","百年未有之大变局","复杂 变化 为了 应对 百年未有之大变局","百年未有之大变局","十九届五中全会 分析 我国 百年未有之大变局 复杂 变化 为了 应对 百年未有之大变局",253
"254","text188",9,9,"百年未有之大变局 复杂 变化 为了 应对","百年未有之大变局","中国 共产党人 始终保持 头脑清醒 积极","百年未有之大变局","百年未有之大变局 复杂 变化 为了 应对 百年未有之大变局 中国 共产党人 始终保持 头脑清醒 积极",254
"255","text189",1,1,"","百年未有之大变局","新冠疫情 世界局势 演进 带来 不确定性","百年未有之大变局"," 百年未有之大变局 新冠疫情 世界局势 演进 带来 不确定性",255
"256","text190",27,27,"业绩 百年 珍贵 经验 当下","百年未有之大变局","产生 什么样 发挥 什么样 取得","百年未有之大变局","业绩 百年 珍贵 经验 当下 百年未有之大变局 产生 什么样 发挥 什么样 取得",256
"257","text191",46,46,"关系 把握机遇 迎接 挑战 促使","世界百年未有之大变局","符合 世界 人民 意愿 方向","百年未有之大变局","关系 把握机遇 迎接 挑战 促使 世界百年未有之大变局 符合 世界 人民 意愿 方向",257
"258","text192",18,18,"发展 时期 越是 看清 世界","百年未有之大变局","两者 同步 交织 相互 激荡","百年未有之大变局","发展 时期 越是 看清 世界 百年未有之大变局 两者 同步 交织 相互 激荡",258
"259","text193",51,51,"认知 出现 偏差 根源 在于","百年未有之大变局","不适 所谓 中美 权力转移 担忧","百年未有之大变局","认知 出现 偏差 根源 在于 百年未有之大变局 不适 所谓 中美 权力转移 担忧",259
"260","text193",78,78,"对美 公共外交 重大 紧迫 课题","百年未有之大变局","公共外交 使命 在于 消除 美国","百年未有之大变局","对美 公共外交 重大 紧迫 课题 百年未有之大变局 公共外交 使命 在于 消除 美国",260
"261","text194",31,31,"思想 而且 产生 思想 时代","世界百年未有之大变局","呼唤 理论 思想 诞生 马克思主义中国化哲学","百年未有之大变局","思想 而且 产生 思想 时代 世界百年未有之大变局 呼唤 理论 思想 诞生 马克思主义中国化哲学",261
"262","text194",74,74,"时代特色 民族特色 中国 话语 体系","世界百年未有之大变局","开辟 当代 中国 马克思主义哲学 新境界","百年未有之大变局","时代特色 民族特色 中国 话语 体系 世界百年未有之大变局 开辟 当代 中国 马克思主义哲学 新境界",262
"263","text195",11,11,"全局 不足以 谋一域 习近平 当今世界","百年未有之大变局","彼时 大多 中国 不解 深透","百年未有之大变局","全局 不足以 谋一域 习近平 当今世界 百年未有之大变局 彼时 大多 中国 不解 深透",263
"264","text195",18,18,"大多 中国 不解 深透 何谓","百年未有之大变局","世界 态势 中国 态势 两大","百年未有之大变局","大多 中国 不解 深透 何谓 百年未有之大变局 世界 态势 中国 态势 两大",264
"265","text196",1,1,"","百年未有之大变局","世界 整体 局势 演变 趋势","百年未有之大变局"," 百年未有之大变局 世界 整体 局势 演变 趋势",265
"266","text196",93,93,"内在 困境 危机 新帝国主义 危机","百年未有之大变局","重大 因素","百年未有之大变局","内在 困境 危机 新帝国主义 危机 百年未有之大变局 重大 因素",266
"267","text197",2,2,"中华民族伟大复兴战略全局","世界百年未有之大变局","中国共产党 立足 国内 国际 发展","百年未有之大变局","中华民族伟大复兴战略全局 世界百年未有之大变局 中国共产党 立足 国内 国际 发展",267
"268","text197",15,15,"研判 精辟 概括 把握 中华民族伟大复兴战略全局","世界百年未有之大变局","内涵 中国与世界 交融 历史 现实","百年未有之大变局","研判 精辟 概括 把握 中华民族伟大复兴战略全局 世界百年未有之大变局 内涵 中国与世界 交融 历史 现实",268
"269","text197",49,49,"互动 关系 人类社会 走向 中华民族伟大复兴战略全局","世界百年未有之大变局","推进 统筹 两个大局 中国共产党 新时代","百年未有之大变局","互动 关系 人类社会 走向 中华民族伟大复兴战略全局 世界百年未有之大变局 推进 统筹 两个大局 中国共产党 新时代",269
"270","text199",5,5,"科学社会主义 视角 来看 中国道路","百年未有之大变局","承载 世界社会主义 思潮 运动 希望","百年未有之大变局","科学社会主义 视角 来看 中国道路 百年未有之大变局 承载 世界社会主义 思潮 运动 希望",270
"271","text201",35,35,"潮流 路线 方针 政策 当今世界","百年未有之大变局","","百年未有之大变局","潮流 路线 方针 政策 当今世界 百年未有之大变局 ",271
"272","text202",11,11,"社会主义 发展史 重要 地位 当今世界","百年未有之大变局","建设 中国特色社会主义 事业 历史 交汇点","百年未有之大变局","社会主义 发展史 重要 地位 当今世界 百年未有之大变局 建设 中国特色社会主义 事业 历史 交汇点",272
"273","text203",2,2,"厘清","百年未有之大变局","一带一路 关系 无论是 把握 百年未有之大变局","百年未有之大变局","厘清 百年未有之大变局 一带一路 关系 无论是 把握 百年未有之大变局",273
"274","text203",7,7,"百年未有之大变局 一带一路 关系 无论是 把握","百年未有之大变局","内涵 一带一路 高质量 建设 现实意义","百年未有之大变局","百年未有之大变局 一带一路 关系 无论是 把握 百年未有之大变局 内涵 一带一路 高质量 建设 现实意义",274
"275","text203",14,14,"一带一路 高质量 建设 现实意义 由于","世界百年未有之大变局","一带一路 建构 认知 把握 二者","百年未有之大变局","一带一路 高质量 建设 现实意义 由于 世界百年未有之大变局 一带一路 建构 认知 把握 二者",275
"276","text203",23,23,"把握 二者 关系 首先 需要","百年未有之大变局","认知 科学 认知 框架 需要","百年未有之大变局","把握 二者 关系 首先 需要 百年未有之大变局 认知 科学 认知 框架 需要",276
"277","text203",33,33,"需要 科学 阐释 问题 何为","百年未有之大变局","把握 百年未有之大变局 内涵 应对 百年未有之大变局","百年未有之大变局","需要 科学 阐释 问题 何为 百年未有之大变局 把握 百年未有之大变局 内涵 应对 百年未有之大变局",277
"278","text203",35,35,"阐释 问题 何为 百年未有之大变局 把握","百年未有之大变局","内涵 应对 百年未有之大变局 问题 本质","百年未有之大变局","阐释 问题 何为 百年未有之大变局 把握 百年未有之大变局 内涵 应对 百年未有之大变局 问题 本质",278
"279","text203",38,38,"百年未有之大变局 把握 百年未有之大变局 内涵 应对","百年未有之大变局","问题 本质 什么 已有 认知","百年未有之大变局","百年未有之大变局 把握 百年未有之大变局 内涵 应对 百年未有之大变局 问题 本质 什么 已有 认知",279
"280","text203",47,47,"已有 认知 基础 着重 围绕","百年未有之大变局","问题 本质 大变局 世界 呈现","百年未有之大变局","已有 认知 基础 着重 围绕 百年未有之大变局 问题 本质 大变局 世界 呈现",280
"281","text203",75,75,"一带一路 高质量 建设 必然 增添","百年未有之大变局","积极因素 百年未有之大变局 建构 利好 预期","百年未有之大变局","一带一路 高质量 建设 必然 增添 百年未有之大变局 积极因素 百年未有之大变局 建构 利好 预期",281
"282","text203",77,77,"建设 必然 增添 百年未有之大变局 积极因素","百年未有之大变局","建构 利好 预期","百年未有之大变局","建设 必然 增添 百年未有之大变局 积极因素 百年未有之大变局 建构 利好 预期",282
"283","text204",1,1,"","世界百年未有之大变局","加速演变 新冠肺炎疫情 流行 深远 单边主义","百年未有之大变局"," 世界百年未有之大变局 加速演变 新冠肺炎疫情 流行 深远 单边主义",283
"284","text204",33,33,"出路 不同 角度 领会 当今世界","百年未有之大变局","丰富 内涵 世界格局 变化 角度","百年未有之大变局","出路 不同 角度 领会 当今世界 百年未有之大变局 丰富 内涵 世界格局 变化 角度",284
"285","text205",8,8,"国际 大局 相互交织 相互影响 中华民族伟大复兴","世界百年未有之大变局","应有 之义 甚至 关键变量 世界百年未有之大变局","百年未有之大变局","国际 大局 相互交织 相互影响 中华民族伟大复兴 世界百年未有之大变局 应有 之义 甚至 关键变量 世界百年未有之大变局",285
"286","text205",13,13,"世界百年未有之大变局 应有 之义 甚至 关键变量","世界百年未有之大变局","中华民族伟大复兴 战略 压力 战略 动力","百年未有之大变局","世界百年未有之大变局 应有 之义 甚至 关键变量 世界百年未有之大变局 中华民族伟大复兴 战略 压力 战略 动力",286
"287","text206",69,69,"挑战 身份 认同 日益 多元化","百年未有之大变局","为了 海湾地区 应对 伊朗 威胁","百年未有之大变局","挑战 身份 认同 日益 多元化 百年未有之大变局 为了 海湾地区 应对 伊朗 威胁",287
"288","text207",26,26,"重要 角色 世界 大发展大变革大调整 时期","百年未有之大变局","欧盟 国际事务 表现 英国 欧会","百年未有之大变局","重要 角色 世界 大发展大变革大调整 时期 百年未有之大变局 欧盟 国际事务 表现 英国 欧会",288
"289","text210",25,25,"自身 发展 首次 明确指出 放眼世界","百年未有之大变局","1 此后 论断 多次 强调","百年未有之大变局","自身 发展 首次 明确指出 放眼世界 百年未有之大变局 1 此后 论断 多次 强调",289
"290","text210",40,40,"十九 四中全会 决定 再次 当今世界","百年未有之大变局","我国 实现 中华民族伟大复兴 关键时期 2","百年未有之大变局","十九 四中全会 决定 再次 当今世界 百年未有之大变局 我国 实现 中华民族伟大复兴 关键时期 2",290
"291","text211",3,3,"编者按 当今世界","百年未有之大变局","习近平 近年来 国际形势 重要 战略","百年未有之大变局","编者按 当今世界 百年未有之大变局 习近平 近年来 国际形势 重要 战略",291
"292","text212",6,6,"制度 不同 意识形态 主张 分水岭","世界百年未有之大变局","实质 历史 制度竞争 巨变 应对","百年未有之大变局","制度 不同 意识形态 主张 分水岭 世界百年未有之大变局 实质 历史 制度竞争 巨变 应对",292
"293","text212",12,12,"实质 历史 制度竞争 巨变 应对","世界百年未有之大变局","需要 意识形态 立场 文化 批判","百年未有之大变局","实质 历史 制度竞争 巨变 应对 世界百年未有之大变局 需要 意识形态 立场 文化 批判",293
"294","text212",30,30,"助推 社会主义制度 优势 必须 认清","世界百年未有之大变局","意识形态 特征 本质 世界百年未有之大变局 美国","百年未有之大变局","助推 社会主义制度 优势 必须 认清 世界百年未有之大变局 意识形态 特征 本质 世界百年未有之大变局 美国",294
"295","text212",34,34,"认清 世界百年未有之大变局 意识形态 特征 本质","世界百年未有之大变局","美国 霸权 主导 单边主义 多边主义","百年未有之大变局","认清 世界百年未有之大变局 意识形态 特征 本质 世界百年未有之大变局 美国 霸权 主导 单边主义 多边主义",295
"296","text213",1,1,"","百年未有之大变局","世界 逆全球化 风潮 萌发 中国出版","百年未有之大变局"," 百年未有之大变局 世界 逆全球化 风潮 萌发 中国出版",296
"297","text217",15,15,"扩大 会议 学习 习近平 意识形态工作","百年未有之大变局","重要论述 精神 研究 贯彻落实 措施","百年未有之大变局","扩大 会议 学习 习近平 意识形态工作 百年未有之大变局 重要论述 精神 研究 贯彻落实 措施",297
"298","text218",1,1,"","世界百年未有之大变局","视野 判断 世界 多极 单极","百年未有之大变局"," 世界百年未有之大变局 视野 判断 世界 多极 单极",298
"299","text218",47,47,"美国 比较 显示 出其 极性","百年未有之大变局","表现 就是 四极 格局 隐约","百年未有之大变局","美国 比较 显示 出其 极性 百年未有之大变局 表现 就是 四极 格局 隐约",299
"300","text219",2,2,"习近平","百年未有之大变局","重要论述 充分体现 总书记 高瞻远瞩 战略眼光","百年未有之大变局","习近平 百年未有之大变局 重要论述 充分体现 总书记 高瞻远瞩 战略眼光",300
"301","text219",24,24,"国际 环境 科学 准确 判断","百年未有之大变局","特征 体现 保密 视角 观察","百年未有之大变局","国际 环境 科学 准确 判断 百年未有之大变局 特征 体现 保密 视角 观察",301
"302","text219",30,30,"特征 体现 保密 视角 观察","百年未有之大变局","一是 国际格局 对比 之变 进入","百年未有之大变局","特征 体现 保密 视角 观察 百年未有之大变局 一是 国际格局 对比 之变 进入",302
"303","text220",61,61,"开放 包容 多元化 西方 远去","百年未有之大变局","视域 重新 审视 上述 不同","百年未有之大变局","开放 包容 多元化 西方 远去 百年未有之大变局 视域 重新 审视 上述 不同",303
"304","text221",11,11,"11 7 山东省 青岛市 召开","百年未有之大变局","企业管理创新 学术研讨会 中国企业管理研究会 本次 会议","百年未有之大变局","11 7 山东省 青岛市 召开 百年未有之大变局 企业管理创新 学术研讨会 中国企业管理研究会 本次 会议",304
"305","text222",24,24,"生活 改善 社会 长治久安 至关重要","百年未有之大变局","总书记 几年 重大 判断 随着","百年未有之大变局","生活 改善 社会 长治久安 至关重要 百年未有之大变局 总书记 几年 重大 判断 随着",305
"306","text224",18,18,"组成部分 中国特色社会主义 进入 新时代 世界","百年未有之大变局","坚持和发展 中国特色社会主义经济发展道路 关系 中国 世界","百年未有之大变局","组成部分 中国特色社会主义 进入 新时代 世界 百年未有之大变局 坚持和发展 中国特色社会主义经济发展道路 关系 中国 世界",306
"307","text224",46,46,"繁荣 发展 光明之路 适应 新时代","世界百年未有之大变局","要求 挑战 必须 坚持 习近平新时代中国特色社会主义经济思想","百年未有之大变局","繁荣 发展 光明之路 适应 新时代 世界百年未有之大变局 要求 挑战 必须 坚持 习近平新时代中国特色社会主义经济思想",307
"308","text225",1,1,"","百年未有之大变局","时代背景 世界秩序 国际格局 加速演变 国际","百年未有之大变局"," 百年未有之大变局 时代背景 世界秩序 国际格局 加速演变 国际",308
"309","text225",62,62,"迫切 呼唤 核心能力 大国领袖 担当","百年未有之大变局","背景 后疫情时代 中国 担负起 世界","百年未有之大变局","迫切 呼唤 核心能力 大国领袖 担当 百年未有之大变局 背景 后疫情时代 中国 担负起 世界",309
"310","text226",2,2,"世界","百年未有之大变局","经济 层面 大变局 体现 世界经济版图","百年未有之大变局","世界 百年未有之大变局 经济 层面 大变局 体现 世界经济版图",310
"311","text227",2,2,"当今世界","百年未有之大变局","这是 习近平 近些年 多次 提及","百年未有之大变局","当今世界 百年未有之大变局 这是 习近平 近些年 多次 提及",311
"312","text227",49,49,"因素 历史 分水岭 百年大变局 曙光","百年未有之大变局","论断 并非 中国 加快 推翻","百年未有之大变局","因素 历史 分水岭 百年大变局 曙光 百年未有之大变局 论断 并非 中国 加快 推翻",312
"313","text228",2,2,"世界经济","百年未有之大变局","存量 增量 变量 构建 世界经济格局","百年未有之大变局","世界经济 百年未有之大变局 存量 增量 变量 构建 世界经济格局",313
"314","text229",4,4,"经济学 角度 思考","百年未有之大变局","社会生产力 发展 变化 角度 社会","百年未有之大变局","经济学 角度 思考 百年未有之大变局 社会生产力 发展 变化 角度 社会",314
"315","text231",58,58,"近代 最好 发展 时期 世界","百年未有之大变局","无论 中国 世界 中国 战略","百年未有之大变局","近代 最好 发展 时期 世界 百年未有之大变局 无论 中国 世界 中国 战略",315
"316","text232",51,51,"发展 目标 任务 政府工作报告 疫情","百年未有之大变局","开篇 引出 半年度 明晰 任务","百年未有之大变局","发展 目标 任务 政府工作报告 疫情 百年未有之大变局 开篇 引出 半年度 明晰 任务",316
"317","text233",1,1,"","百年未有之大变局","习近平 国际局势 发展 态势 重大论断","百年未有之大变局"," 百年未有之大变局 习近平 国际局势 发展 态势 重大论断",317
"318","text233",25,25,"起止 特征 中国 重要 问题","百年未有之大变局","科学内涵 学者 世界格局 处在 加快","百年未有之大变局","起止 特征 中国 重要 问题 百年未有之大变局 科学内涵 学者 世界格局 处在 加快",318
"319","text233",55,55,"多元 方面 探讨 学者 认为","百年未有之大变局","情境 难得 发展 机遇 必将","百年未有之大变局","多元 方面 探讨 学者 认为 百年未有之大变局 情境 难得 发展 机遇 必将",319
"320","text233",96,96,"外部环境 基本特征 进而 全面 领会","百年未有之大变局","实现 中华民族伟大复兴 重要 关系 起到","百年未有之大变局","外部环境 基本特征 进而 全面 领会 百年未有之大变局 实现 中华民族伟大复兴 重要 关系 起到",320
"321","text235",1,1,"","百年未有之大变局","中国战略 共识 寻找 百年变局 历史逻辑","百年未有之大变局"," 百年未有之大变局 中国战略 共识 寻找 百年变局 历史逻辑",321
"322","text235",128,128,"对决 中国 全球 一起 共同","百年未有之大变局","","百年未有之大变局","对决 中国 全球 一起 共同 百年未有之大变局 ",322
"323","text236",27,27,"看到 那轮 光芒四射 喷薄欲出 朝日","百年未有之大变局","可作 横向 比较 百年 中国与世界","百年未有之大变局","看到 那轮 光芒四射 喷薄欲出 朝日 百年未有之大变局 可作 横向 比较 百年 中国与世界",323
"324","text237",1,1,"","百年未有之大变局","需要 科学 研判 大变局 内涵","百年未有之大变局"," 百年未有之大变局 需要 科学 研判 大变局 内涵",324
"325","text237",20,20,"革命 四个 维度 全面 认识","百年未有之大变局","中国 大变局 中要 始终 立于","百年未有之大变局","革命 四个 维度 全面 认识 百年未有之大变局 中国 大变局 中要 始终 立于",325
"326","text238",2,2,"当今世界","百年未有之大变局","一方面 强化 中国特色社会主义 国际 话语权","百年未有之大变局","当今世界 百年未有之大变局 一方面 强化 中国特色社会主义 国际 话语权",326
"327","text238",33,33,"安全 问题 政治安全 传导 风险性","百年未有之大变局","虽然 党和国家 推进 国家 政治安全","百年未有之大变局","安全 问题 政治安全 传导 风险性 百年未有之大变局 虽然 党和国家 推进 国家 政治安全",327
"328","text238",64,64,"客观存在 风险 因素 积极 应对","百年未有之大变局","带来 趋势 环境 必须 维护","百年未有之大变局","客观存在 风险 因素 积极 应对 百年未有之大变局 带来 趋势 环境 必须 维护",328
"329","text239",6,6,"其它 时代 大变局 相比 工业时代","百年未有之大变局","一般性 特殊性 非洲 绝大部分 地区","百年未有之大变局","其它 时代 大变局 相比 工业时代 百年未有之大变局 一般性 特殊性 非洲 绝大部分 地区",329
"330","text239",21,21,"非洲 欠发达 由此 发端 工业时代","百年未有之大变局","非洲 催生 发展 经济 增长","百年未有之大变局","非洲 欠发达 由此 发端 工业时代 百年未有之大变局 非洲 催生 发展 经济 增长",330
"331","text239",49,49,"机构 经济 机构 因此 工业时代","百年未有之大变局","非洲 欠发达 缘起","百年未有之大变局","机构 经济 机构 因此 工业时代 百年未有之大变局 非洲 欠发达 缘起",331
"332","text240",12,12,"核心 党中央 重大 判断 当今世界","百年未有之大变局","认识 变局 丰富 内涵 全面","百年未有之大变局","核心 党中央 重大 判断 当今世界 百年未有之大变局 认识 变局 丰富 内涵 全面",332
"333","text241",2,2,"当今世界","百年未有之大变局","习近平 重大论断 揭示 世界 时代特征","百年未有之大变局","当今世界 百年未有之大变局 习近平 重大论断 揭示 世界 时代特征",333
"334","text241",8,8,"习近平 重大论断 揭示 世界 时代特征","百年未有之大变局","世界 格局 结构 秩序 规则","百年未有之大变局","习近平 重大论断 揭示 世界 时代特征 百年未有之大变局 世界 格局 结构 秩序 规则",334
"335","text242",2,2,"当今世界","百年未有之大变局","国际 力量对比 变化 国内 国家","百年未有之大变局","当今世界 百年未有之大变局 国际 力量对比 变化 国内 国家",335
"336","text243",4,4,"目的 深入分析 世界","百年未有之大变局","变局 构成 变化特点 趋势 走向","百年未有之大变局","目的 深入分析 世界 百年未有之大变局 变局 构成 变化特点 趋势 走向",336
"337","text243",63,63,"关键 认识 观点 结果 结论","世界百年未有之大变局","方面 变局 构成 特点 分析","百年未有之大变局","关键 认识 观点 结果 结论 世界百年未有之大变局 方面 变局 构成 特点 分析",337
"338","text244",10,10,"具体 实践 相结合 道路 当今世界","百年未有之大变局","中国 带来 矛盾 增多 搅乱","百年未有之大变局","具体 实践 相结合 道路 当今世界 百年未有之大变局 中国 带来 矛盾 增多 搅乱",338
"339","text245",2,2,"数字时代","百年未有之大变局","一般性 特殊性 数字治理 大变局 中国","百年未有之大变局","数字时代 百年未有之大变局 一般性 特殊性 数字治理 大变局 中国",339
"340","text245",42,42,"推进 新一轮科技革命 中国 借助 数字治理","百年未有之大变局","持续发展 一些 问题 这些 问题","百年未有之大变局","推进 新一轮科技革命 中国 借助 数字治理 百年未有之大变局 持续发展 一些 问题 这些 问题",340
"341","text245",70,70,"展开 数字治理 中国 借助 数字治理","百年未有之大变局","持续发展 具体 途径 强化 党委","百年未有之大变局","展开 数字治理 中国 借助 数字治理 百年未有之大变局 持续发展 具体 途径 强化 党委",341
"342","text246",2,2,"当今世界","百年未有之大变局","习近平 主席 重大论断 揭示 世界","百年未有之大变局","当今世界 百年未有之大变局 习近平 主席 重大论断 揭示 世界",342
"343","text246",9,9,"主席 重大论断 揭示 世界 时代特征","百年未有之大变局","伴生 百年未有 不确定性 百年未有 机遇","百年未有之大变局","主席 重大论断 揭示 世界 时代特征 百年未有之大变局 伴生 百年未有 不确定性 百年未有 机遇",343
"344","text246",70,70,"博物馆 周边 产业 四个 方面","百年未有之大变局","博物馆 文化担当 具体 举措 建议","百年未有之大变局","博物馆 周边 产业 四个 方面 百年未有之大变局 博物馆 文化担当 具体 举措 建议",344
"345","text247",2,2,"中国","世界百年未有之大变局","新冠肺炎疫情 叠加冲击 转变 经济发展 方式","百年未有之大变局","中国 世界百年未有之大变局 新冠肺炎疫情 叠加冲击 转变 经济发展 方式",345
"346","text248",19,19,"马克思 世界历史 理论 深刻理解 习近平","百年未有之大变局","产生 机理 新一轮科技革命 产业革命 重塑","百年未有之大变局","马克思 世界历史 理论 深刻理解 习近平 百年未有之大变局 产生 机理 新一轮科技革命 产业革命 重塑",346
"347","text249",1,1,"","百年未有之大变局","蕴含 机遇 挑战 两岸关系 台海","百年未有之大变局"," 百年未有之大变局 蕴含 机遇 挑战 两岸关系 台海",347
"348","text251",1,1,"","百年未有之大变局","丰富 时代内涵 表现 国际 力量对比","百年未有之大变局"," 百年未有之大变局 丰富 时代内涵 表现 国际 力量对比",348
"349","text251",22,22,"博弈 加剧 四个 方面 世界","百年未有之大变局","非洲 世界政治 经济 格局 地位","百年未有之大变局","博弈 加剧 四个 方面 世界 百年未有之大变局 非洲 世界政治 经济 格局 地位",349
"350","text252",7,7,"行政妄为 两种 行政 状态 阻滞","百年未有之大变局","我国 领域 快速 发展 通过","百年未有之大变局","行政妄为 两种 行政 状态 阻滞 百年未有之大变局 我国 领域 快速 发展 通过",350
"351","text252",39,39,"行政 广泛 实现 适度 状态","百年未有之大变局","有效 助推 我国 领域 发展","百年未有之大变局","行政 广泛 实现 适度 状态 百年未有之大变局 有效 助推 我国 领域 发展",351
"352","text253",3,3,"文章 分析","百年未有之大变局","现实背景 实践逻辑 历史逻辑 百年未有之大变局 国际政治","百年未有之大变局","文章 分析 百年未有之大变局 现实背景 实践逻辑 历史逻辑 百年未有之大变局 国际政治",352
"353","text253",7,7,"分析 百年未有之大变局 现实背景 实践逻辑 历史逻辑","百年未有之大变局","国际政治 经济 规则 治理 国际","百年未有之大变局","分析 百年未有之大变局 现实背景 实践逻辑 历史逻辑 百年未有之大变局 国际政治 经济 规则 治理 国际",353
"354","text254",87,87,"战略 运筹 坚持 战略 底线","世界百年未有之大变局","把握 中国发展 战略机遇期","百年未有之大变局","战略 运筹 坚持 战略 底线 世界百年未有之大变局 把握 中国发展 战略机遇期",354
"355","text256",20,20,"驻外使节 工作 会议 代表 首次","百年未有之大变局","重要论断 习近平 同志 中央经济工作会议 我国","百年未有之大变局","驻外使节 工作 会议 代表 首次 百年未有之大变局 重要论断 习近平 同志 中央经济工作会议 我国",355
"356","text257",2,2,"当今世界","百年未有之大变局","国际秩序 松动 过去 世界格局 转型","百年未有之大变局","当今世界 百年未有之大变局 国际秩序 松动 过去 世界格局 转型",356
"357","text258",28,28,"我国 发展 重要 战略机遇期 世界","百年未有之大变局","变局 危和机 同生并存 中华民族伟大复兴 带来","百年未有之大变局","我国 发展 重要 战略机遇期 世界 百年未有之大变局 变局 危和机 同生并存 中华民族伟大复兴 带来",357
"358","text259",19,19,"近代 最好 发展 时期 世界","百年未有之大变局","两者 同步 交织 相互 激荡","百年未有之大变局","近代 最好 发展 时期 世界 百年未有之大变局 两者 同步 交织 相互 激荡",358
"359","text260",7,7,"结束 特别 进入 21世纪 国际政治","百年未有之大变局","一是 中国 代表 东方 大国","百年未有之大变局","结束 特别 进入 21世纪 国际政治 百年未有之大变局 一是 中国 代表 东方 大国",359
"360","text262",3,3,"当今世界 处在","百年未有之大变局","国际格局 来看 世界多极化 经济全球化 趋势","百年未有之大变局","当今世界 处在 百年未有之大变局 国际格局 来看 世界多极化 经济全球化 趋势",360
"361","text263",1,1,"","百年未有之大变局","中国 官方 全球形势 发展 重大","百年未有之大变局"," 百年未有之大变局 中国 官方 全球形势 发展 重大",361
"362","text264",15,15,"正确认识 当今 时代潮流 国际大势 放眼世界","百年未有之大变局","百年未有之大变局 反映 习近平 同志 核心","百年未有之大变局","正确认识 当今 时代潮流 国际大势 放眼世界 百年未有之大变局 百年未有之大变局 反映 习近平 同志 核心",362
"363","text264",16,16,"当今 时代潮流 国际大势 放眼世界 百年未有之大变局","百年未有之大变局","反映 习近平 同志 核心 党中央","百年未有之大变局","当今 时代潮流 国际大势 放眼世界 百年未有之大变局 百年未有之大变局 反映 习近平 同志 核心 党中央",363
"364","text264",39,39,"变化 认清 世界 中国发展 大势","百年未有之大变局","把握","百年未有之大变局","变化 认清 世界 中国发展 大势 百年未有之大变局 把握",364
"365","text265",8,8,"近代 最好 发展 时期 世界","百年未有之大变局","两者 同步 交织 相互 激荡","百年未有之大变局","近代 最好 发展 时期 世界 百年未有之大变局 两者 同步 交织 相互 激荡",365
"366","text265",21,21,"中国发展 历史 方位 战略 判断","百年未有之大变局","历史 脉络 时代内涵 解析 中国特色社会主义","百年未有之大变局","中国发展 历史 方位 战略 判断 百年未有之大变局 历史 脉络 时代内涵 解析 中国特色社会主义",366
"367","text269",34,34,"近代 最好 发展 时期 世界","百年未有之大变局","两者 同步 交织 相互 激荡","百年未有之大变局","近代 最好 发展 时期 世界 百年未有之大变局 两者 同步 交织 相互 激荡",367
"368","text269",41,41,"同步 交织 相互 激荡 世界","百年未有之大变局","决定 中国战略 方向 关键","百年未有之大变局","同步 交织 相互 激荡 世界 百年未有之大变局 决定 中国战略 方向 关键",368
"369","text270",12,12,"近代 最好 发展 时期 世界","百年未有之大变局","两者 同步 交织 相互 激荡","百年未有之大变局","近代 最好 发展 时期 世界 百年未有之大变局 两者 同步 交织 相互 激荡",369
"370","text270",20,20,"交织 相互 激荡 为了 解读","百年未有之大变局","重要 命题 探索 争鸣 编辑部","百年未有之大变局","交织 相互 激荡 为了 解读 百年未有之大变局 重要 命题 探索 争鸣 编辑部",370
"371","text271",2,2,"当今世界","百年未有之大变局","然而 多样 变化 依然 许多","百年未有之大变局","当今世界 百年未有之大变局 然而 多样 变化 依然 许多",371
"372","text272",1,1,"","百年未有之大变局","意识形态安全 严峻 挑战 威胁 必须","百年未有之大变局"," 百年未有之大变局 意识形态安全 严峻 挑战 威胁 必须",372
"373","text273",26,26,"冷战 冷战 时期 现如今 常说","百年未有之大变局","概括 地看 百年未有 大变局 以下","百年未有之大变局","冷战 冷战 时期 现如今 常说 百年未有之大变局 概括 地看 百年未有 大变局 以下",373
"374","text278",24,24,"超出 人们 预期 人类 可能","百年未有之大变局","许多 课题 挑战 比如 非西方","百年未有之大变局","超出 人们 预期 人类 可能 百年未有之大变局 许多 课题 挑战 比如 非西方",374
